{
  "Homepage" : {
    "transaction" : "Homepage",
    "sampleCount" : 50,
    "errorCount" : 0,
    "errorPct" : 0.0,
    "meanResTime" : 535.9200000000001,
    "medianResTime" : 531.0,
    "minResTime" : 416.0,
    "maxResTime" : 776.0,
    "pct1ResTime" : 597.8,
    "pct2ResTime" : 665.6499999999999,
    "pct3ResTime" : 776.0,
    "throughput" : 4.823461315840246,
    "receivedKBytesPerSec" : 13.87216169448196,
    "sentKBytesPerSec" : 1.2529694433725642
  },
  "Total" : {
    "transaction" : "Total",
    "sampleCount" : 150,
    "errorCount" : 0,
    "errorPct" : 0.0,
    "meanResTime" : 357.0133333333332,
    "medianResTime" : 319.5,
    "minResTime" : 155.0,
    "maxResTime" : 776.0,
    "pct1ResTime" : 563.8,
    "pct2ResTime" : 589.0,
    "pct3ResTime" : 730.1000000000008,
    "throughput" : 14.470383947520741,
    "receivedKBytesPerSec" : 27.74432338896392,
    "sentKBytesPerSec" : 2.5059388867451284
  },
  "Homepage-1" : {
    "transaction" : "Homepage-1",
    "sampleCount" : 50,
    "errorCount" : 0,
    "errorPct" : 0.0,
    "meanResTime" : 325.18,
    "medianResTime" : 313.0,
    "minResTime" : 241.0,
    "maxResTime" : 573.0,
    "pct1ResTime" : 377.0,
    "pct2ResTime" : 409.25,
    "pct3ResTime" : 573.0,
    "throughput" : 4.994506043352312,
    "receivedKBytesPerSec" : 12.925235366097294,
    "sentKBytesPerSec" : 0.6487004919588453
  },
  "Homepage-0" : {
    "transaction" : "Homepage-0",
    "sampleCount" : 50,
    "errorCount" : 0,
    "errorPct" : 0.0,
    "meanResTime" : 209.93999999999988,
    "medianResTime" : 206.5,
    "minResTime" : 155.0,
    "maxResTime" : 354.0,
    "pct1ResTime" : 245.9,
    "pct2ResTime" : 255.89999999999998,
    "pct3ResTime" : 354.0,
    "throughput" : 4.98603909054647,
    "receivedKBytesPerSec" : 1.436407745811727,
    "sentKBytesPerSec" : 0.6476007803151176
  }
}